{"timeDomain": [-1.6982405053595009, 7.126814586474608, 5.2926687945708375, 7.326183685229526, 51.4296, -0.32250604093344526, 2.8553474667650005, 7.019971407990808, 9.717139310276874, 1.2135231144614478, 8.51889756645532], "frequencyDomain": [0.031747590182943375, 0.009439225832880718, 266.1004472207658, 1179.0774398299059, 3693.2941259708473, 512.4959595492527, 4681.191812548415, 6920.681739261055, 0.6764061676166955, 0.13876391699903784, 1.15696859631161, 52.43688918707638], "simple": [317.4759018294337, 0.10220661129653774]}