{"timeDomain": [-1.475977282052998, 7.008183897339724, 5.190901577383404, 7.161752211853694, 60.2195, -0.30457906165645926, 3.121719390405847, 8.40848694825386, 11.600971257550801, 1.2108748594158791, 10.181625451367147], "frequencyDomain": [0.03187534311053049, 0.009025153034636753, 271.40984519329214, 1197.778839477903, 3644.564110563342, 515.6122144016481, 4650.0899751891975, 6938.281434350221, 0.6702077480119808, 0.1414743159290864, 1.3339559541778918, 52.38882742199092], "simple": [318.7534311053049, 0.10020123760586659]}