{"timeDomain": [16.777886482710443, 22.811676450903317, 15.932516322325252, 28.316850790620997, 402.75, 1.623025262501518, 16.049427051968422, 14.222979913197035, 25.278492853991384, 1.3998143580837064, 19.909531497229356], "frequencyDomain": [0.13986765075199534, 0.11266736713723374, 82.90392437148698, 1093.4922852066893, 3999.0817188353685, 979.4771987932689, 4780.357900309828, 6793.505899729619, 0.7036658201032969, 0.24492552732293676, 0.5137726481887073, 12.991866816605782], "simple": [1398.6765075199535, 0.3636193890971742]}