{"timeDomain": [16.701561023963553, 22.40416740820856, 16.413773154584014, 27.94393960336214, 402.469, 1.3145111682685475, 12.695435481018308, 14.40272938292409, 24.52019996923127, 1.3634389345793563, 19.637242004888808], "frequencyDomain": [0.1317475847735354, 0.11093220512519404, 85.23379915414928, 1122.823879795132, 4076.856712221892, 952.8481358473313, 4848.929481474167, 6818.05918456522, 0.7111891155845662, 0.23372127182954827, 0.4102457920877924, 13.67565113227622], "simple": [1317.4758477353541, 0.35815993354693015]}