{"timeDomain": [-1.4784902830779985, 7.022309028237759, 5.205948480495154, 7.176091691444686, 53.5963, -0.3646007512966696, 3.0786075753873368, 7.468731212548098, 10.29520368878147, 1.2119804126090492, 9.051955936650128], "frequencyDomain": [0.031401980348127974, 0.009095490196241542, 267.16971036273895, 1161.4214248877681, 3669.4966272345428, 509.83325921794886, 4662.907612633366, 6924.144686336431, 0.6734272352561878, 0.13893820079681515, 1.254492717415774, 53.29078089290734], "simple": [314.0198034812797, 0.10040251499343099]}