{"mean": 131.47025, "var": 1118.0403149375002, "std": 33.43710984725654, "rms": 135.6556926560769, "fengfengzhi": 255.0}