{"mean": 130.5013, "var": 1929.7007983099998, "std": 43.92835984088183, "rms": 137.69636923317913, "fengfengzhi": 255.0}