{"mean": 131.3814, "var": 1277.45543404, "std": 35.74150855853737, "rms": 136.15626206678854, "fengfengzhi": 255.0}