{"mean": 131.5697, "var": 966.6635419100002, "std": 31.091213258893582, "rms": 135.19337816624008, "fengfengzhi": 255.0}