{"mean": 122.57005, "var": 1191.8887929974999, "std": 34.52374245352754, "rms": 127.33933386821214, "fengfengzhi": 255.0}