{"mean": 144.06955, "var": 1143.8439127975003, "std": 33.820761564422234, "rms": 147.98607755461322, "fengfengzhi": 255.0}