{"mean": 136.6984, "var": 1077.93873744, "std": 32.831977361103306, "rms": 140.5858858491847, "fengfengzhi": 255.0}