{"mean": 123.5396, "var": 1093.92193184, "std": 33.074490651255694, "rms": 127.89040112533856, "fengfengzhi": 255.0}