{"mean": 122.0321, "var": 1234.57296959, "std": 35.136490570203506, "rms": 126.9897885658528, "fengfengzhi": 255.0}