{"FirstMax": 15813.586637055598, "FirstMaxIndex": 13750, "SecondMax": 14884.73427455179, "SecondMaxIndex": 9766, "ThirdMax": 14507.943099292806, "ThirdMaxIndex": 6562, "mean": 26.18520629771386, "var": 79317.24554706296, "std": 281.633175508609, "rms": 282.8478576477411, "totalvalue": 523704.1259542777}