{"FirstMax": 11753.135835065368, "FirstMaxIndex": 19902, "SecondMax": 11433.071037423904, "SecondMaxIndex": 274, "ThirdMax": 11405.770711768195, "ThirdMaxIndex": 10010, "mean": 39.616455651865024, "var": 78526.8722024054, "std": 280.22646592070026, "rms": 283.01296041139454, "totalvalue": 792329.1130373013}