{"FirstMax": 19088.20744138919, "FirstMaxIndex": 3906, "SecondMax": 13445.925128874378, "SecondMaxIndex": 19902, "ThirdMax": 12490.974351818659, "ThirdMaxIndex": 10010, "mean": 25.260018668056723, "var": 79462.38389146207, "std": 281.89073041067184, "rms": 283.02023326004917, "totalvalue": 505200.373361134}