{"FirstMax": 62.945852231107395, "FirstMaxIndex": 2, "SecondMax": 35.038412822859435, "SecondMaxIndex": 10, "ThirdMax": 32.60253767101007, "ThirdMaxIndex": 16, "mean": 0.48426382082069824, "var": 0.9638794609083685, "std": 0.9817736301756982, "rms": 1.0947104224699014, "totalvalue": 9685.276416413912}