{"FirstMax": 17725.47875900466, "FirstMaxIndex": 6562, "SecondMax": 14166.916488686396, "SecondMaxIndex": 13750, "ThirdMax": 13264.077405194663, "ThirdMaxIndex": 9766, "mean": 22.781543080623866, "var": 79475.49046127261, "std": 281.91397705908906, "rms": 282.83297043733586, "totalvalue": 455630.861612478}