{"FirstMax": 13543.45962571613, "FirstMaxIndex": 978, "SecondMax": 13465.019947224426, "SecondMaxIndex": 3908, "ThirdMax": 13059.369831666392, "ThirdMaxIndex": 10008, "mean": 30.755463932342224, "var": 78976.72478432448, "std": 281.02797865039076, "rms": 282.70589549214935, "totalvalue": 615109.2786468443}