{"FirstMax": 12417.470607378227, "FirstMaxIndex": 3908, "SecondMax": 12216.03234541896, "SecondMaxIndex": 19904, "ThirdMax": 12033.610397215625, "ThirdMaxIndex": 10008, "mean": 30.429345659668975, "var": 79077.36197487204, "std": 281.2069735530612, "rms": 282.8485585117019, "totalvalue": 608586.9131933743}