{"FirstMax": 12918.246786206953, "FirstMaxIndex": 274, "SecondMax": 12404.805322977767, "SecondMaxIndex": 19902, "ThirdMax": 12031.683713679935, "ThirdMaxIndex": 10010, "mean": 34.80544485266968, "var": 78675.44933983588, "std": 280.49144254296937, "rms": 282.6426512952851, "totalvalue": 696108.8970533916}