{"timeDomain": [-3.8734307346930037, 120.935106741125, 82.71714464200338, 120.99410003443005, 456.549, -0.007277454182620527, 2.851424778837599, 3.773316218477467, 5.519399901627728, 1.2448988376012076, 4.697396974284383], "frequencyDomain": [0.635219625385105, 2.523162432326974, 8.159521475890772, 310.9190483732588, 3114.411024232857, 1560.5380760774638, 3678.7654497445124, 5971.553927659201, 0.6160482672198787, 0.5010700462896852, 1.4958489412328522, 5.774043987904278], "simple": [6352.19625385105, 1.7106765002647737]}