{"FirstMax": 12413.888379597927, "FirstMaxIndex": 274, "SecondMax": 11897.82254975066, "SecondMaxIndex": 3908, "ThirdMax": 11580.188629187325, "ThirdMaxIndex": 19904, "mean": 29.420952958816063, "var": 79080.05726719905, "std": 281.21176587617924, "rms": 282.7466175574943, "totalvalue": 588419.0591763213}