{"FirstMax": 15947.37689506014, "FirstMaxIndex": 13750, "SecondMax": 14836.99873527116, "SecondMaxIndex": 9766, "ThirdMax": 13600.879606396522, "ThirdMaxIndex": 6562, "mean": 30.09023390884893, "var": 79084.0398282523, "std": 281.21884685819384, "rms": 282.824083141697, "totalvalue": 601804.678176976}