{"FirstMax": 17467.01834429387, "FirstMaxIndex": 6562, "SecondMax": 15821.823297190147, "SecondMaxIndex": 13750, "ThirdMax": 14878.391844177166, "ThirdMaxIndex": 9766, "mean": 22.82221184545062, "var": 79480.40461572964, "std": 281.9226926228707, "rms": 282.84493626234195, "totalvalue": 456444.2369090104}