{"FirstMax": 10622.91418311992, "FirstMaxIndex": 13750, "SecondMax": 10551.832262812466, "SecondMaxIndex": 17656, "ThirdMax": 10481.102671980996, "ThirdMaxIndex": 9766, "mean": 31.269493750075327, "var": 79057.87534084947, "std": 281.1723232127399, "rms": 282.90573797686653, "totalvalue": 625389.875001505}