{"FirstMax": 14463.854521316247, "FirstMaxIndex": 978, "SecondMax": 13467.70754121928, "SecondMaxIndex": 3908, "ThirdMax": 13075.584161888897, "ThirdMaxIndex": 19904, "mean": 30.249388136816844, "var": 79128.47762252438, "std": 281.2978450371143, "rms": 282.9196053743469, "totalvalue": 604987.7627363354}