{"FirstMax": 13021.174938517555, "FirstMaxIndex": 10000, "SecondMax": 6760.783489963412, "SecondMaxIndex": 9996, "ThirdMax": 6473.544656192126, "ThirdMaxIndex": 214, "mean": 40.703747911815725, "var": 78858.33008734613, "std": 280.8172538989478, "rms": 283.7518725601908, "totalvalue": 814074.9582363163}