{"FirstMax": 12414.66850434768, "FirstMaxIndex": 3908, "SecondMax": 12044.318332842606, "SecondMaxIndex": 10008, "ThirdMax": 12026.403820610407, "ThirdMaxIndex": 19904, "mean": 31.12715443055827, "var": 78972.16742624076, "std": 281.0198701626644, "rms": 282.738513770559, "totalvalue": 622543.0886111658}