{"FirstMax": 14378.929992819329, "FirstMaxIndex": 13750, "SecondMax": 13677.644657878482, "SecondMaxIndex": 6562, "ThirdMax": 13482.107834164144, "ThirdMaxIndex": 9766, "mean": 24.426363140094047, "var": 79383.82027970804, "std": 281.75134477000825, "rms": 282.8081814515977, "totalvalue": 488527.26280188095}