{"FirstMax": 12505.809909946514, "FirstMaxIndex": 19902, "SecondMax": 12037.535663163297, "SecondMaxIndex": 10010, "ThirdMax": 11861.897100400332, "ThirdMaxIndex": 3906, "mean": 38.19068380708698, "var": 78702.75402459096, "std": 280.540111257893, "rms": 283.12767853787074, "totalvalue": 763813.67614174}