{"timeDomain": [-5.180041474184972, 157.68396516172393, 108.5907317614449, 157.76508640112564, 657.278, -0.013291341060847641, 2.7779251744038223, 4.166181599449943, 6.052800173074866, 1.238236592846963, 5.158718508884608], "frequencyDomain": [0.8008945788537853, 4.3342825097619215, 12.04368061236774, 1155.6798137794508, 3729.1095299627464, 2019.130563528564, 4358.517632375748, 6436.434968062207, 0.6771633138535307, 0.5414511285617118, 0.7266531930678409, 2.769040781340346], "simple": [8008.945788537853, 2.2305338392295977]}