{"timeDomain": [-3.8599125102509846, 8.031392319940576, 5.9388000910989245, 8.910609520142994, 59.324, -0.3938780010882787, 2.77358664367873, 6.657681482495037, 9.98922325890626, 1.265931992996532, 8.428171987871048], "frequencyDomain": [0.03410400752119184, 0.013228139396865624, 250.8829031194047, 1358.8271971340207, 3506.408845958258, 535.5429692764437, 4550.236891802823, 6924.482057460622, 0.6571230676957674, 0.15273260843319783, 1.6088415365755753, 49.57814242472135], "simple": [341.0400752119184, 0.11995790891780103]}