{"timeDomain": [-3.866205534544521, 8.035518082406028, 5.96336777972586, 8.91705487313352, 69.2839, -0.37322038439785393, 2.937131977462339, 7.769818733396795, 11.618250384547812, 1.2633054675360127, 9.81565448766391], "frequencyDomain": [0.03463440692254681, 0.013209797779911695, 251.91205040368393, 1375.4646514087583, 3464.3203208257632, 540.9347274154196, 4522.174395554512, 6933.81432471592, 0.652191446695508, 0.15614454707423855, 1.7304885527324403, 49.02423947864534], "simple": [346.3440692254681, 0.1200334076122571]}