{"timeDomain": [-5.209448864101988, 149.96685816155428, 103.39784713872834, 150.05356510722484, 564.911, -0.020822645732429545, 2.763669632114645, 3.7647289459355897, 5.463469652729441, 1.238019567129506, 4.660808100007101], "frequencyDomain": [0.7865687569878793, 3.882198453256413, 11.79129517919891, 1011.7955016894674, 3714.0939300232985, 1997.1025510951433, 4343.402867068202, 6417.247394163919, 0.6768326979287492, 0.53770922026267, 0.7299231215599445, 2.823540253054264], "simple": [7865.687569878793, 2.121438342936354]}