{"timeDomain": [36.667107822435, 36.46402478317748, 30.195944435233457, 51.71107635889125, 292.146, 1.1851742596776123, 5.024639476896027, 5.64958265367393, 9.67500786824591, 1.3580606269984523, 7.672475760927997], "frequencyDomain": [0.14330377381285872, 0.3798614139117595, 52.49808975834207, 1516.2219887677948, 4386.148804634475, 975.9650252454627, 5087.7376962865055, 6851.362742753387, 0.7425876993110242, 0.2225106964483837, -0.04473241186368417, 13.081258378981941], "simple": [1433.0377381285873, 0.6327395983810206]}