{"timeDomain": [36.69067269781907, 36.43048711440688, 30.525825433332386, 51.70415356034632, 301.001, 1.1262793521829277, 4.691413351417807, 5.821601926984217, 9.860535979850189, 1.3505468991769383, 7.862346430731022], "frequencyDomain": [0.141838699816108, 0.37996312917724817, 52.776924703258636, 1522.9285968592665, 4370.83738224519, 969.3982406291689, 5072.43363211863, 6833.638973064941, 0.7422741605331843, 0.22178776189820476, -0.04299871008569161, 13.163795214190802], "simple": [1418.38699816108, 0.6324898019967236]}