{"timeDomain": [36.62731856362266, 36.55985765467624, 31.134831203806876, 51.750524883634625, 255.381, 0.903271634458251, 3.7885571019242765, 4.934848498140753, 8.202421215271416, 1.3319007417352369, 6.572728375024688], "frequencyDomain": [0.15244468913930478, 0.3782657584527641, 52.953441447264254, 1525.831643300489, 4283.677415065111, 1004.6369678617522, 4997.061559851058, 6806.0456166183285, 0.7342092371008692, 0.2345267559897439, 0.08118704311157109, 12.239230078036385], "simple": [1524.446891393048, 0.6336144846227066]}