{"timeDomain": [36.694899604806075, 36.39740386281731, 30.115357834836303, 51.68385073124321, 290.656, 1.0943942608174655, 4.480461714999909, 5.623729576795961, 9.651421098632278, 1.3529310334011377, 7.6085182679031025], "frequencyDomain": [0.13979987703341934, 0.380086522120304, 52.75960948937351, 1524.0204554194513, 4349.863108428828, 958.1451158865497, 5048.577950656773, 6798.462432184494, 0.7426058466920961, 0.2202701767855476, -0.05352283338743569, 13.330411714352199], "simple": [1397.9987703341935, 0.6321333080028699]}