{"timeDomain": [36.750066394662475, 36.63466069829712, 30.922084647641874, 51.89025572853956, 223.742, 0.9925165478804688, 4.079115302933193, 4.311830744687239, 7.235669992807636, 1.3392078143854815, 5.774437427592721], "frequencyDomain": [0.1349978757649017, 0.38527709103975605, 51.93905430984039, 1497.989005299154, 4342.2138683697485, 941.2377336243661, 5041.563017621727, 6788.528239128355, 0.7426592097772671, 0.21676448055234707, -0.06247133082034313, 13.780977744091851], "simple": [1349.9787576490169, 0.6351873658942595]}