{"timeDomain": [36.780434327733936, 37.1594574567498, 30.492736559138063, 52.28342554340561, 342.798, 1.1847918171387848, 5.366920604827211, 6.556532905737205, 11.241955910882991, 1.355414653948965, 8.886820779534796], "frequencyDomain": [0.1436301775053677, 0.39084073694946564, 50.907633561358416, 1465.6640596132936, 4291.968423185042, 968.1194013863288, 4994.64395562808, 6784.825247175633, 0.7361492409413544, 0.22556535974416456, 0.07364968517593182, 13.052059033030458], "simple": [1436.301775053677, 0.6414290925472542]}