{"timeDomain": [36.994465126558325, 36.79690032203249, 31.342395078970082, 52.177913169425246, 302.054, 1.0162602549510056, 4.407679954908881, 5.788924501813823, 9.637234143687705, 1.336517161176265, 7.736996941427935], "frequencyDomain": [0.13783256744462563, 0.38868893160126583, 52.01858388042452, 1509.2893608995728, 4318.785965597312, 948.7500669024753, 5018.216097913811, 6777.031646648295, 0.7404740540640179, 0.21967980688555794, -0.013324935044490902, 13.485249532181887], "simple": [1378.3256744462562, 0.6384730842850644]}