{"timeDomain": [36.82091199920723, 36.92786086609762, 31.666667935317605, 52.14765848294434, 271.573, 0.9049577158331062, 3.8533841734982284, 5.20776978105013, 8.575989130107263, 1.3276257044717377, 6.913969024293306], "frequencyDomain": [0.14196159204965114, 0.38818342438736386, 51.38609487478089, 1483.579480000457, 4318.456042095933, 964.2747363853564, 5019.850890413609, 6796.434702908605, 0.7386006207438897, 0.22329154841121232, 0.027014176831248262, 13.19341941911859], "simple": [1419.6159204965115, 0.6389817678636823]}