{"timeDomain": [36.78318783034003, 36.856408413223754, 31.695802805384243, 52.070431420743645, 272.185, 0.8932742433336026, 3.9180889803309196, 5.227246876459868, 8.587414607266652, 1.3254421910922307, 6.928413553314987], "frequencyDomain": [0.14395405209118384, 0.3862815316665155, 51.76366193334849, 1493.447222483482, 4303.989995093951, 974.0553569765619, 5011.50771420065, 6801.697274303349, 0.7368025232663629, 0.22631450307432685, 0.04661529333124854, 12.961817122065293], "simple": [1439.5405209118385, 0.6379386119579377]}