{"timeDomain": [36.5467324758825, 36.61572327442362, 30.061020760834925, 51.73304369562402, 329.046, 1.1965438414573684, 5.592863644356256, 6.360460867834715, 10.945935689206483, 1.3603843540906382, 8.652671449408109], "frequencyDomain": [0.14735587779727188, 0.38001944277075284, 52.29544938509346, 1499.7993488066777, 4284.267946540608, 984.4002939644831, 4993.1119425324805, 6789.293448652133, 0.7354391116388929, 0.2297709448260235, 0.06748278884808318, 12.641919109332838], "simple": [1473.5587779727189, 0.633794284881049]}