{"skewness": 0.04927477639266684, "kurtosis": -0.2050366829435064, "boxing": 1.0385427696311886, "fengzhi": 1.9378083814484328, "maichong": 2.0124968834839865, "yudu": 2.0609937135356717}