{"skewness": 0.043300262430474815, "kurtosis": -0.21129127611605325, "boxing": 1.0359729249945235, "fengzhi": 1.8841972968641558, "maichong": 1.951977384899134, "yudu": 1.9939553308999727}