{"skewness": 0.08689387105072242, "kurtosis": -0.21955142372687764, "boxing": 1.0397697840683853, "fengzhi": 1.9769964742347812, "maichong": 2.0556211971190574, "yudu": 2.108727409291842}