{"skewness": 0.08848963551027066, "kurtosis": -0.13878937681697323, "boxing": 1.0305829269687108, "fengzhi": 1.9483494868072866, "maichong": 2.007935716871839, "yudu": 2.04378722882051}