{"skewness": 0.05994785663430386, "kurtosis": -0.10987782102304156, "boxing": 1.0277518598516087, "fengzhi": 2.0017222994968384, "maichong": 2.0572738162143143, "yudu": 2.0886562000704045}