{"skewness": 0.0003273203751260775, "kurtosis": -0.9712625431524216, "boxing": 1.062067537054589, "fengzhi": 1.8618227771607458, "maichong": 1.9773815313712482, "yudu": 2.056709718463353}