{"skewness": 0.012891829277143014, "kurtosis": -0.889406593085734, "boxing": 1.0540682175890141, "fengzhi": 1.8603224097729527, "maichong": 1.960906726610276, "yudu": 2.0244177504897807}