{"skewness": 0.051785211803750585, "kurtosis": -0.5393708827957431, "boxing": 1.0459111595052184, "fengzhi": 1.9922358548460242, "maichong": 2.0837017129498747, "yudu": 2.1432240347781484}