{"skewness": 0.10218767337252035, "kurtosis": -0.10965357543063847, "boxing": 1.0322232352493326, "fengzhi": 2.0701869791498453, "maichong": 2.1368951011890958, "yudu": 2.177047262794111}