{"skewness": 0.09877648281995191, "kurtosis": -0.16020119442721947, "boxing": 1.0352863494339224, "fengzhi": 2.1416895694817413, "maichong": 2.217261976009461, "yudu": 2.2652554837246974}