{"timeDomain": [-3.8675818931750126, 121.4091199376319, 83.03013180409755, 121.46767300401564, 493.395, -0.0012861789478311703, 2.875027258321176, 4.061944942204406, 5.942360794562184, 1.2446525901922758, 5.055710293533128], "frequencyDomain": [0.6248083796034457, 2.559253710194854, 8.34903039927302, 320.7970070863581, 3093.211626786956, 1528.1082517079733, 3647.6413930247836, 5914.121165498668, 0.6167681200554539, 0.4940199495161219, 1.519041563923661, 5.951689673245423], "simple": [6248.083796034457, 1.7173768648862477]}