{"timeDomain": [-3.849427565831003, 121.52854249480387, 83.11804546670388, 121.58645596514376, 464.504, -0.013516921504834406, 2.8211464376434323, 3.820359729320208, 5.5884855977042305, 1.24360865800318, 4.751032436069296], "frequencyDomain": [0.6214262306231289, 2.5692578111490594, 8.315301880148317, 304.60316602200595, 3095.7307470045785, 1520.5888595412816, 3647.509994873919, 5894.1943672092175, 0.6188309661394729, 0.4911889901964503, 1.5044753295787936, 5.929844542136288], "simple": [6214.262306231289, 1.7190612105083447]}