{"timeDomain": [-2.381001241591001, 6.896964905123065, 5.026944795976956, 7.296225970233661, 63.802, -0.35281984046794473, 3.4354858763048486, 8.744520833139266, 12.692003312043628, 1.246107013407958, 10.896608739066838], "frequencyDomain": [0.03286835216420205, 0.009000637444132355, 215.8676049143329, 731.2367974729416, 3619.0686968467403, 522.9944377608731, 4628.113850623905, 6933.012418041644, 0.6675473187643879, 0.14451077931086334, 1.3958449112998634, 51.003016580059445], "simple": [328.68352164202054, 0.1003995316442161]}