{"timeDomain": [-2.3746866785179854, 6.893779160730396, 5.029246049878087, 7.291155719671289, 55.397, -0.37722928656454513, 3.248903850289958, 7.597835258207528, 11.014971121037687, 1.2461062838900325, 9.467710259213648], "frequencyDomain": [0.03253966499828371, 0.009010347871473442, 215.4683518461879, 720.3485119468729, 3663.448740433575, 518.5456539815347, 4656.640148288177, 6925.0298719727425, 0.6724361099343005, 0.14154576485766904, 1.272677826824117, 51.50696068245911], "simple": [325.3966499828371, 0.10034080244290867]}