{"FirstMax": 12879.087485585327, "FirstMaxIndex": 274, "SecondMax": 12438.052786552971, "SecondMaxIndex": 19902, "ThirdMax": 12029.138810210621, "ThirdMaxIndex": 10010, "mean": 34.94487242158444, "var": 78748.92377976445, "std": 280.62238645511593, "rms": 282.78979452647377, "totalvalue": 698897.4484316858}