{"FirstMax": 13542.369631370042, "FirstMaxIndex": 978, "SecondMax": 13473.602880912067, "SecondMaxIndex": 3908, "ThirdMax": 13068.591542522821, "ThirdMaxIndex": 10008, "mean": 30.617983726752282, "var": 79046.45254020263, "std": 281.15200966772875, "rms": 282.8142738047256, "totalvalue": 612359.6745350444}