{"FirstMax": 10507.25256965902, "FirstMaxIndex": 9994, "SecondMax": 9777.238211124675, "SecondMaxIndex": 3906, "ThirdMax": 9478.655404553503, "ThirdMaxIndex": 550, "mean": 31.797699740547895, "var": 78898.62403832056, "std": 280.8889888164372, "rms": 282.6830694383917, "totalvalue": 635953.9948109525}