{"FirstMax": 12401.675003021948, "FirstMaxIndex": 3908, "SecondMax": 12059.718890087499, "SecondMaxIndex": 19904, "ThirdMax": 12033.171418810489, "ThirdMaxIndex": 10008, "mean": 31.216728680942772, "var": 79071.22120149349, "std": 281.196054740271, "rms": 282.9234973469561, "totalvalue": 624334.5736188544}