{"FirstMax": 10627.221209495196, "FirstMaxIndex": 13750, "SecondMax": 10553.802937628918, "SecondMaxIndex": 17656, "ThirdMax": 10458.224296492152, "ThirdMaxIndex": 9766, "mean": 32.06789604359384, "var": 78937.55496802187, "std": 280.95827976413483, "rms": 282.7824339040256, "totalvalue": 641357.920871873}