{"FirstMax": 16767.608091065977, "FirstMaxIndex": 6562, "SecondMax": 15816.138178022664, "SecondMaxIndex": 13750, "ThirdMax": 14881.623920360185, "ThirdMaxIndex": 9766, "mean": 25.89855798026732, "var": 79345.0424364582, "std": 281.6825206441788, "rms": 282.8706024703088, "totalvalue": 517971.1596053449}