{"FirstMax": 12442.28906612272, "FirstMaxIndex": 274, "SecondMax": 11894.425584088764, "SecondMaxIndex": 3908, "ThirdMax": 11743.619384216929, "ThirdMaxIndex": 19904, "mean": 29.28037949366421, "var": 79110.06069245427, "std": 281.265107491943, "rms": 282.7850797261893, "totalvalue": 585607.5898732834}