{"FirstMax": 157.06838541023126, "FirstMaxIndex": 2, "SecondMax": 46.42901895157661, "SecondMaxIndex": 12, "ThirdMax": 44.32365552550861, "ThirdMaxIndex": 10, "mean": 0.5080873025344935, "var": 2.1158625710016703, "std": 1.4546004850135552, "rms": 1.540783981614051, "totalvalue": 10161.746050689877}