{"FirstMax": 12932.835402012504, "FirstMaxIndex": 274, "SecondMax": 12489.823730704067, "SecondMaxIndex": 19902, "ThirdMax": 12034.40878523547, "ThirdMaxIndex": 10010, "mean": 36.02517091069751, "var": 78710.65495030934, "std": 280.55419253739433, "rms": 282.8576813336599, "totalvalue": 720503.4182139535}