{"FirstMax": 13155.018677132874, "FirstMaxIndex": 19902, "SecondMax": 12474.520094144133, "SecondMaxIndex": 10010, "ThirdMax": 10999.41047330613, "ThirdMaxIndex": 976, "mean": 28.526380699098215, "var": 79109.7293929578, "std": 281.26451854607933, "rms": 282.7074172864018, "totalvalue": 570527.6139819641}