{"FirstMax": 15816.920539067994, "FirstMaxIndex": 13750, "SecondMax": 14885.53244311247, "SecondMaxIndex": 9766, "ThirdMax": 14505.661886164165, "ThirdMaxIndex": 6562, "mean": 25.96056598662571, "var": 79313.68164145808, "std": 281.62684822555195, "rms": 282.82084899774276, "totalvalue": 519211.3197325146}