{"FirstMax": 13589.923186205986, "FirstMaxIndex": 10010, "SecondMax": 13580.357722608718, "SecondMaxIndex": 3906, "ThirdMax": 13461.602188092076, "ThirdMaxIndex": 19902, "mean": 32.32473681746971, "var": 78979.054847797, "std": 281.0321242274573, "rms": 282.88503576208427, "totalvalue": 646494.7363493909}