{"FirstMax": 126.12572168674079, "FirstMaxIndex": 4, "SecondMax": 98.15223689350812, "SecondMaxIndex": 6, "ThirdMax": 28.757126903749967, "ThirdMaxIndex": 2, "mean": 0.484633974791751, "var": 1.932844182221474, "std": 1.3902676656750217, "rms": 1.4723159551346054, "totalvalue": 9692.679495834975}