{"FirstMax": 12418.750506772627, "FirstMaxIndex": 3908, "SecondMax": 12097.354946016756, "SecondMaxIndex": 19904, "ThirdMax": 12039.90201141512, "ThirdMaxIndex": 10008, "mean": 30.587194204033004, "var": 79022.77389472756, "std": 281.10989647240734, "rms": 282.76907600372925, "totalvalue": 611743.8840806601}