{"FirstMax": 13540.530563628705, "FirstMaxIndex": 978, "SecondMax": 13452.415297558988, "SecondMaxIndex": 3908, "ThirdMax": 13090.147174443176, "ThirdMaxIndex": 19904, "mean": 29.402077105383142, "var": 79163.162122272, "std": 281.3594891278274, "rms": 282.89157686361557, "totalvalue": 588041.5421076628}