{"FirstMax": 17722.260859120397, "FirstMaxIndex": 6562, "SecondMax": 14168.576732575895, "SecondMaxIndex": 13750, "ThirdMax": 13266.354960679073, "ThirdMaxIndex": 9766, "mean": 22.57612274483885, "var": 79485.40208525425, "std": 281.93155567487344, "rms": 282.8340209441649, "totalvalue": 451522.4548967771}