{"mean": 116.35415, "var": 1287.9986277775001, "std": 35.88869777210508, "rms": 121.76324096376543, "fengfengzhi": 255.0}