{"mean": 122.9753, "var": 1347.3169899099998, "std": 36.705816840250264, "rms": 128.3364383174163, "fengfengzhi": 255.0}