{"mean": 132.77175, "var": 1622.1526519375, "std": 40.275956251062496, "rms": 138.74613598223195, "fengfengzhi": 255.0}