{"mean": 142.60555, "var": 1965.7527591975, "std": 44.336810431034614, "rms": 149.33886182102768, "fengfengzhi": 255.0}