{"mean": 138.3963, "var": 1460.6273463099997, "std": 38.21815466908364, "rms": 143.57633231142242, "fengfengzhi": 255.0}