{"mean": 136.6139, "var": 1667.28322679, "std": 40.832379636631515, "rms": 142.58555642139916, "fengfengzhi": 255.0}