{"mean": 126.4856, "var": 1900.2711926400002, "std": 43.59210011733778, "rms": 133.78668917347497, "fengfengzhi": 255.0}