{"timeDomain": [36.62515148988409, 36.87285784863541, 30.22355809261145, 51.97058194017396, 313.181, 0.9875276166643407, 3.9990309686909886, 6.026120707297812, 10.362148594164406, 1.3535404240081002, 8.156597977279873], "frequencyDomain": [0.14210550972323585, 0.38589271797763475, 54.01017888242915, 1533.854644439754, 4283.788992781874, 977.2613368506937, 5007.143532873139, 6821.127514169331, 0.7340639098846846, 0.22813012930780804, 0.06056652212844107, 12.927417703723563], "simple": [1421.0550972323585, 0.6372190397340131]}