{"timeDomain": [36.54405382175045, 36.79096681224299, 29.580484514020963, 51.855331740763305, 313.623, 1.0315159253101924, 3.924764531644611, 6.048037674657512, 10.602361832557024, 1.3704485292743636, 8.28852433623033], "frequencyDomain": [0.14337138849974515, 0.3837313164489062, 54.16558222312593, 1534.7622495564842, 4300.232601473213, 980.894998969441, 5020.251782838415, 6827.1077168837055, 0.7353409366052824, 0.2281027771924237, 0.04597712746889478, 12.84545303830684], "simple": [1433.7138849974515, 0.6358052361829102]}