{"timeDomain": [36.89315416866113, 37.07731683738988, 30.524532015337233, 52.30452668748274, 270.972, 0.9328545822143733, 3.7460108872578837, 5.180660588309036, 8.87718769492841, 1.3498332576454133, 6.993027958672389], "frequencyDomain": [0.1397373718270291, 0.39155484194742785, 53.6273059118171, 1532.9309262797499, 4296.118735618657, 969.0508226486846, 5017.649898574437, 6824.847863481175, 0.7352031867879714, 0.22556425515300327, 0.04310806921859608, 13.158218932044685], "simple": [1397.3737182702912, 0.6411257439444765]}