{"skewness": 0.05458046120494326, "kurtosis": -0.26970617514852213, "boxing": 1.2386049543279267, "fengzhi": 3.2304093010247232, "maichong": 4.001200964756237, "yudu": 4.693336263432369}