{"skewness": 0.003367799130415571, "kurtosis": -0.8451093194675394, "boxing": 1.1812038760886332, "fengzhi": 2.8498008076065062, "maichong": 3.3661957600253225, "yudu": 3.826926402923731}