{"skewness": 0.07972957543042757, "kurtosis": -0.23056049456376027, "boxing": 1.239462709616632, "fengzhi": 3.8260869043808703, "maichong": 4.742292041732624, "yudu": 5.566554241567977}