{"skewness": 0.03114393168575318, "kurtosis": -0.16249139391971212, "boxing": 1.2443491478250233, "fengzhi": 4.21608920661344, "maichong": 5.246287011403713, "yudu": 6.173227476908496}