{"skewness": 0.005872495596683067, "kurtosis": -0.1725277686640183, "boxing": 1.245088184440492, "fengzhi": 3.6032641677174664, "maichong": 4.48638164064282, "yudu": 5.279292679038789}