{"skewness": -0.008709480420966155, "kurtosis": -0.9636113391791716, "boxing": 1.166512290666115, "fengzhi": 2.7232222982622742, "maichong": 3.1766722811389676, "yudu": 3.5750489172880315}