{"skewness": 0.058499592638258664, "kurtosis": -0.18177572858333013, "boxing": 1.2425511745020714, "fengzhi": 3.7987515901418147, "maichong": 4.720143249972324, "yudu": 5.548613649961226}