{"skewness": -0.04104383942511383, "kurtosis": -0.14350228863395653, "boxing": 1.24446678899402, "fengzhi": 3.7192799296053534, "maichong": 4.628520351365879, "yudu": 5.435683209352157}