{"skewness": 0.048145073449856156, "kurtosis": -0.21230132342866437, "boxing": 1.2392837238673322, "fengzhi": 3.857256076115956, "maichong": 4.7802346739188755, "yudu": 5.604541581516833}