{"skewness": 0.04867753768301205, "kurtosis": -0.08807305461494552, "boxing": 1.2459517366277608, "fengzhi": 4.4897542732447775, "maichong": 5.594017133781241, "yudu": 6.574642614792917}