{"skewness": 0.08701077820962912, "kurtosis": -0.1529050842004711, "boxing": 1.2432023480367873, "fengzhi": 3.541405046902735, "maichong": 4.402683069658809, "yudu": 5.175551432386318}