{"skewness": 0.049876678978274365, "kurtosis": -0.17508407947260718, "boxing": 1.2447308169163902, "fengzhi": 3.7708932183322172, "maichong": 4.6937469961591365, "yudu": 5.527164104417522}