{"skewness": 0.0011699604327585044, "kurtosis": -0.2081617464178942, "boxing": 1.2416799142774906, "fengzhi": 3.556856968389816, "maichong": 4.416477855607562, "yudu": 5.191622518042288}