{"skewness": -0.0035219936855556576, "kurtosis": -0.9701848495041916, "boxing": 1.1654762639178828, "fengzhi": 2.6706332020932497, "maichong": 3.112559606670693, "yudu": 3.5023730926059025}