{"skewness": -0.011647187068715014, "kurtosis": -0.9725866670202485, "boxing": 1.1652953762098326, "fengzhi": 2.6863647147017473, "maichong": 3.1304083808551924, "yudu": 3.523930002503456}