{"skewness": -0.02949819986919027, "kurtosis": -0.16984145251854343, "boxing": 1.2449909978691758, "fengzhi": 3.5029741018359846, "maichong": 4.361171222554662, "yudu": 5.138341738783885}