{"skewness": 0.0825437962703995, "kurtosis": -0.06010155979017995, "boxing": 1.249570697674396, "fengzhi": 3.8167138610815425, "maichong": 4.769253802215201, "yudu": 5.6173836890146704}