{"skewness": 0.03948814049147426, "kurtosis": -0.5043433776546986, "boxing": 1.2161432805671775, "fengzhi": 3.411649959122437, "maichong": 4.1490551734340375, "yudu": 4.8108880843302915}