{"skewness": 0.017293873269100212, "kurtosis": -0.17178263671350047, "boxing": 1.2434722594200045, "fengzhi": 4.066092746956974, "maichong": 5.056073535069882, "yudu": 5.944336064211786}