{"skewness": 0.07096670660639594, "kurtosis": -0.07796645382112288, "boxing": 1.2500028696926506, "fengzhi": 4.377110785843006, "maichong": 5.47140104326641, "yudu": 6.450530274582004}