{"timeDomain": [16.58737119836944, 22.596158462397135, 17.21478914761236, 28.030371585325085, 454.688, 1.201027849929693, 15.269172324658186, 16.22126194852321, 26.412638348408922, 1.3354908829272556, 21.663347441827554], "frequencyDomain": [0.1375097545955703, 0.11072839813287322, 84.09858137392197, 1099.6342171640856, 4091.429970605276, 970.644520802279, 4857.089545704002, 6808.901072700485, 0.7133441202689741, 0.23723845398206442, 0.37536344800867977, 13.088290405677759], "simple": [1375.097545955703, 0.3600364674612752]}