{"timeDomain": [16.686071568993, 22.773508090719254, 16.596431986233423, 28.231750273939348, 381.312, 1.571265767190103, 15.092763606370738, 13.506495215494594, 22.97554078589269, 1.3728993375101393, 18.543058333436395], "frequencyDomain": [0.1403450422697269, 0.11187830320110459, 82.78399162681315, 1086.274617546135, 4014.3920505076626, 980.8328288436121, 4792.714670304686, 6791.552981253198, 0.7056875921507306, 0.2443291079952132, 0.4810706703673187, 12.89825962804038], "simple": [1403.4504226972692, 0.36271730901692006]}