{"mean": 128.63757448300035, "var": 1890.5283042465553, "std": 43.48020589011229, "rms": 135.78716387463146, "fengfengzhi": 229.0}