{"mean": 133.5534383595899, "var": 1261.4892548693563, "std": 35.51745000516445, "rms": 138.19555040788447, "fengfengzhi": 229.0}