{"mean": 123.5435915422387, "var": 1578.4646545424516, "std": 39.72989623120669, "rms": 129.77474201745872, "fengfengzhi": 229.0}