{"mean": 121.89902883460152, "var": 1123.771092368812, "std": 33.52269518354412, "rms": 126.42446093690819, "fengfengzhi": 229.0}