{"mean": 123.96990787101943, "var": 1270.7159480588064, "std": 35.647102940615056, "rms": 128.99323240235455, "fengfengzhi": 229.0}