{"mean": 123.96619492923939, "var": 865.8963418398844, "std": 29.426116662581972, "rms": 127.41080734017058, "fengfengzhi": 228.0}