{"mean": 121.27931172468988, "var": 914.6565787979856, "std": 30.24328981440322, "rms": 124.99331194592966, "fengfengzhi": 229.0}