{"mean": 122.3836370919287, "var": 1408.2320535049894, "std": 37.526418074537695, "rms": 128.0077602387992, "fengfengzhi": 229.0}