{"mean": 128.75455546655988, "var": 1250.4359023554537, "std": 35.36150311221871, "rms": 133.52217589504338, "fengfengzhi": 229.0}