{"mean": 121.2855783198918, "var": 1078.8557289985622, "std": 32.8459393076003, "rms": 125.6544755963319, "fengfengzhi": 229.0}