{"mean": -0.04309989607935001, "var": 14.811118130160763, "std": 3.8485215512142794, "rms": 3.8487628832136194, "fengfengzhi": 27.043799999999997}