{"mean": -0.05935478067314999, "var": 16.11054415323822, "std": 4.013794234043172, "rms": 4.014233070366863, "fengfengzhi": 29.2709}