{"mean": -0.0341096912137, "var": 15.581041419012644, "std": 3.947282789339097, "rms": 3.9474301627827866, "fengfengzhi": 28.769}