{"mean": -0.0495360821891, "var": 15.488222883450746, "std": 3.935507957487921, "rms": 3.935819699489471, "fengfengzhi": 30.0843}