{"mean": -0.04249751554024999, "var": 52.30971311070028, "std": 7.232545410206581, "rms": 7.232670264122882, "fengfengzhi": 46.3601}