{"mean": -0.0258318108802, "var": 20.827503852441705, "std": 4.563716013561942, "rms": 4.563789120335761, "fengfengzhi": 32.8381}