{"mean": -0.03844045283950001, "var": 72.56454698857708, "std": 8.518482669382916, "rms": 8.518569402017665, "fengfengzhi": 46.5161}