{"mean": -0.036192880064500006, "var": 72.56935601264641, "std": 8.518764934698364, "rms": 8.518841819004141, "fengfengzhi": 46.5161}