{"mean": -0.024963271178199995, "var": 15.133284886373595, "std": 3.8901522960384978, "rms": 3.8902323903954006, "fengfengzhi": 27.393700000000003}