{"mean": -0.05167319983699999, "var": 30.785252808178686, "std": 5.548445981369801, "rms": 5.548686594840268, "fengfengzhi": 38.6802}