{"timeDomain": [-5.143568283869956, 151.1009412431659, 104.30529621075114, 151.18468561510926, 592.135, -0.03184637236412018, 2.7787320448639385, 3.9166334711141046, 5.676940879431263, 1.237612473871702, 4.847274439434239], "frequencyDomain": [0.7922168797526168, 3.941502765370595, 11.991148611400485, 1059.2039334152646, 3739.21258403479, 2013.1930280362633, 4370.087651084256, 6441.586586327772, 0.678417901012111, 0.5384002601595685, 0.715752143363385, 2.77375542139418], "simple": [7922.168797526168, 2.1374555433175755]}