{"timeDomain": [-5.169914647864991, 151.3133737411048, 103.72309428758406, 151.3978873813233, 621.713, -0.03194154986894782, 2.839630433099265, 4.1064839856985715, 5.993968886776845, 1.2425784787468468, 5.102628623947619], "frequencyDomain": [0.7961532796245562, 3.9481260261741875, 11.38225435115369, 959.0152597980936, 3733.722030605004, 2012.426697757747, 4362.048374612844, 6427.349585173584, 0.6786698493380668, 0.5389867486818931, 0.7146956183220372, 2.764545738153048], "simple": [7961.532796245562, 2.1404651966870443]}