{"timeDomain": [-5.196740265512493, 157.33094838173932, 108.70208129100187, 157.4128196072948, 573.532, -0.011877079497201432, 2.7348188216368823, 3.6434897833023854, 5.2761823250156645, 1.2363911968648387, 4.504778693942049], "frequencyDomain": [0.8065213189830294, 4.303012202889532, 12.204116873112254, 1189.0231560579919, 3737.1499865629453, 2023.6539235880143, 4363.928091741032, 6418.347476771876, 0.6799145897809635, 0.5414965764992397, 0.6994884288812123, 2.7184773187173836], "simple": [8065.213189830293, 2.225546795653457]}