{"timeDomain": [-5.126147584280004, 158.16102131832398, 108.84652944577043, 158.240119148331, 663.141, -0.011463986139753263, 2.75602037622024, 4.190726116544347, 6.092440460679919, 1.2388225318159478, 5.1915659378446835], "frequencyDomain": [0.8087357660509479, 4.351740957407195, 12.321891891543848, 1220.0564483435865, 3723.4337015326014, 2020.2016623585394, 4348.605709909748, 6400.821767013161, 0.6793824087276459, 0.5425641556413384, 0.7048066642556164, 2.707496409957062], "simple": [8087.357660509479, 2.23726603751129]}