{"timeDomain": [36.72389479187676, 36.96667793283288, 31.001852763699286, 52.10673084459212, 287.851, 0.9111306328885872, 4.07279177488058, 5.52425752554911, 9.284961198740055, 1.3335640077350597, 7.366951005531836], "frequencyDomain": [0.14224962750682124, 0.38796167442051127, 53.91152097846154, 1534.6719862864918, 4255.486930589459, 975.9423687753307, 4980.450564993049, 6804.934040653995, 0.7318881469296943, 0.22933741418873202, 0.09803380173346422, 12.900680016229813], "simple": [1422.4962750682125, 0.6388723149259941]}