{"skewness": 0.03710768387592687, "kurtosis": -0.8926309675855295, "boxing": 1.0594475704094282, "fengzhi": 1.9225737690840463, "maichong": 2.03686610858899, "yudu": 2.1158797742550273}