{"skewness": 0.06363038777871213, "kurtosis": -0.22145732767099435, "boxing": 1.0403113267857154, "fengzhi": 2.0602010803643838, "maichong": 2.1432505193592366, "yudu": 2.1997527305941498}