{"skewness": 0.0341338925776917, "kurtosis": -0.6907292575719182, "boxing": 1.0534194028821922, "fengzhi": 1.9586667226388819, "maichong": 2.063297529407471, "yudu": 2.1359697631809054}