{"skewness": 0.022725968633525197, "kurtosis": -0.21754107201432227, "boxing": 1.037528063408251, "fengzhi": 1.9308775608475734, "maichong": 2.00333965638463, "yudu": 2.0495203784239626}