{"skewness": 0.023057853197462112, "kurtosis": -0.9990159972034265, "boxing": 1.0688726646821338, "fengzhi": 1.976387865921609, "maichong": 2.112506964693066, "yudu": 2.221648578581835}