{"skewness": 0.01789945136270947, "kurtosis": -0.23310782632451987, "boxing": 1.0323086030562263, "fengzhi": 1.9745190281350615, "maichong": 2.0383129796420434, "yudu": 2.076667742805237}