{"skewness": 0.09500918556035709, "kurtosis": -0.2842658281964048, "boxing": 1.0408019691664054, "fengzhi": 2.051277663917184, "maichong": 2.134973831912069, "yudu": 2.1902542502668263}