{"skewness": 0.0760011525427692, "kurtosis": -0.36122631620682766, "boxing": 1.0476191648798774, "fengzhi": 1.9864645847863525, "maichong": 2.0810583693773306, "yudu": 2.150438875845382}