{"skewness": 0.014526116141158082, "kurtosis": -0.8133652971724703, "boxing": 1.0520909866151802, "fengzhi": 1.870894885049359, "maichong": 1.9683516454648742, "yudu": 2.0305991556022107}