{"skewness": 0.0729385521971838, "kurtosis": -0.26339817685755884, "boxing": 1.036807461548857, "fengzhi": 2.0209838773096522, "maichong": 2.095371163664587, "yudu": 2.1425183095895735}