{"mean": 125.31095, "var": 1358.8088600975, "std": 36.86202463372705, "rms": 130.62022450600827, "fengfengzhi": 255.0}