{"mean": 132.76895, "var": 2163.1091658975, "std": 46.509237425456675, "rms": 140.67943435342636, "fengfengzhi": 255.0}