{"mean": 119.26175, "var": 1188.5973369375, "std": 34.47604004141862, "rms": 124.14492478551027, "fengfengzhi": 255.0}