{"mean": 116.9882, "var": 2139.70776076, "std": 46.25697526600718, "rms": 125.80121899250422, "fengfengzhi": 255.0}