{"mean": 131.6816, "var": 1270.12372144, "std": 35.63879517379902, "rms": 136.4190877406824, "fengfengzhi": 255.0}