{"timeDomain": [2.797386791538496, 6.674183918758495, 5.126742339437315, 7.236565249228369, 56.8941, -0.3051734792196385, 3.4531044384435843, 7.8620309553716226, 11.09751499745634, 1.2169287510470863, 9.56753151121392], "frequencyDomain": [0.03301630879011422, 0.008601821532789848, 203.22894118189336, 596.0924867245831, 3621.0937323635126, 523.8373500893304, 4628.556216855295, 6933.808144871951, 0.6675345091972936, 0.14466274247682015, 1.3994355385642565, 50.83465464374881], "simple": [330.16308790114215, 0.09844306982596969]}