{"timeDomain": [36.803187899426, 37.039023242251076, 31.123095954622727, 52.21393767796423, 260.649, 0.8599026460634378, 3.8788905259361077, 4.991942986709491, 8.374777380117472, 1.331348709274424, 6.646016852127194], "frequencyDomain": [0.1419005308522145, 0.3897148032456226, 53.721426010329466, 1531.5583634272546, 4307.389476977215, 978.4033515814731, 5029.879684438662, 6843.843821917961, 0.7349495130689668, 0.22714531778725627, 0.052894768224587864, 12.969519125653596], "simple": [1419.005308522145, 0.6401652852361165]}