{"timeDomain": [2.789707450058519, 6.6428338624740455, 5.135605389792146, 7.204686184647987, 44.7089, -0.3309709240356171, 3.1802425722710104, 6.205530519187273, 8.705672770120975, 1.2121817134848563, 7.522230617830998], "frequencyDomain": [0.03233480155466405, 0.008558570273687099, 203.9875474436184, 587.9412642660805, 3681.471953581835, 516.3338603870473, 4668.858794455103, 6926.484253910075, 0.6740589631485094, 0.1402520151986185, 1.2387261736223882, 51.84901228957282], "simple": [323.34801554664045, 0.09799619282522783]}