{"timeDomain": [2.5579608271005023, 6.721051569406577, 5.167363129948904, 7.191205682282589, 47.152, -0.3220769832261101, 3.068559651156274, 6.556897700224491, 9.124963509283361, 1.2075932429856742, 7.918065357739403], "frequencyDomain": [0.032713819705427215, 0.008619039370954039, 202.95434373968848, 590.3839735312033, 3688.412154787327, 518.6360698749809, 4671.905448835033, 6914.132343713964, 0.6757037928385231, 0.1406122873773268, 1.1791049620165204, 51.09723166766334], "simple": [327.13819705427215, 0.09842952538103666]}