{"timeDomain": [21.130292348399987, 27.870220950474227, 19.22357764189133, 34.974271015938434, 381.312, 1.6548162709623295, 9.55291611907264, 10.902643255272682, 19.835641788605397, 1.4304439875148864, 15.595620492524537], "frequencyDomain": [0.16026489109153472, 0.1743235970290732, 61.37615282483929, 975.989410254213, 4000.6551728048876, 1059.7499336879187, 4797.168673328446, 6810.185391090364, 0.7044108783887867, 0.2648940955700815, 0.4121274067090353, 11.335397147091705], "simple": [1602.6489109153472, 0.447203533065149]}