{"timeDomain": [16.635545994609494, 22.51966383283656, 15.940887113908408, 27.997344390491318, 358.194, 1.4666343141607798, 12.229770171387877, 12.79385626736987, 22.47014218471418, 1.3925793556793187, 17.81646011746775], "frequencyDomain": [0.1355191864383458, 0.11074174379222322, 83.88484441608036, 1098.8043751669234, 4015.0132466492123, 963.9149258392813, 4793.372839755013, 6788.272744659344, 0.7061255521187163, 0.2400776452341049, 0.47849151022409003, 13.340744688533263], "simple": [1355.1918643834579, 0.35929948442873544]}