{"timeDomain": [7.889842507550506, 97.63254919932541, 42.16056932189807, 97.94839290268894, 599.851, -0.3955327375927138, 6.707187088307268, 6.124153569277526, 14.227772766067444, 1.6090172247403967, 9.85386857992292], "frequencyDomain": [0.5838375651899353, 1.571843453928285, 12.10952529420785, 426.49727016564316, 3753.0665364832007, 1757.6182008641895, 4401.902247246963, 6449.236046056626, 0.6825463071612177, 0.46831522537065384, 0.7161155933493248, 3.693338244716656], "simple": [5838.375651899353, 1.382950675949726]}