{"timeDomain": [-3.7879052105830167, 122.13529481325192, 83.15354315248302, 122.19096780651343, 470.904, -0.009768019954923244, 2.8895104427088674, 3.8538364042231468, 5.663065963845685, 1.2474713546217646, 4.80755051966692], "frequencyDomain": [0.6424912947220819, 2.572153851192623, 7.340150964727966, 250.41879876948178, 3088.5915501886684, 1541.050196761473, 3638.0888105936597, 5889.779384043466, 0.617695260445567, 0.49894917204812567, 1.5055600641493414, 5.76740530101905], "simple": [6424.912947220819, 1.7276260300195643]}