{"timeDomain": [-3.8424915585899915, 118.34867641984773, 80.33944050491594, 118.4080809372703, 430.589, -0.01378638362918352, 2.912072888514893, 3.6364832247227747, 5.359621591759186, 1.2504233443762476, 4.547143515625973], "frequencyDomain": [0.624662057846997, 2.412656831142595, 7.528617396180938, 243.2268882058851, 3089.8435435869387, 1522.0913605516473, 3640.8732316290984, 5897.878830303026, 0.6173190966424169, 0.49261114327642663, 1.5230687605381177, 5.9636981980493955], "simple": [6246.6205784699705, 1.6741022226773148]}