{"timeDomain": [-3.861480379915994, 124.3789193202447, 84.06131825994636, 124.4357388221647, 507.446, 0.005798061326804149, 2.9164191121582133, 4.077976349907065, 6.036617204012948, 1.252377011150397, 5.107163832638615], "frequencyDomain": [0.6405061258528838, 2.6853799341436546, 8.132064855944733, 329.7361064475341, 3096.6048345335394, 1559.116787671706, 3658.436242201849, 5969.156509001988, 0.6128899848219126, 0.5034923314348456, 1.5312474922010522, 5.892332409449594], "simple": [6405.061258528838, 1.7593633773059252]}